query,value
ruyada,100
rüyada yemek yemek,73
rüyada yılan görmek,28
rüyada bebek görmek,25
rüyada altın görmek,24
rüyada kedi görmek,20
rüyada para görmek,19
rüyada öldüğünü görmek,19
rüyada köpek görmek,18
rüyada deprem görmek,17
rüyada ağlamak,15
rüyada ev görmek,14
rüyada su görmek,14
rüyada hamile olduğunu görmek,13
rüyada balık görmek,13
rüyada fare görmek,12
rüyada araba görmek,12
rüyada kavga etmek,12
rüyada deprem olduğunu görmek,11
rüyada ilişkiye girmek,11
rüyada ekmek görmek,10
rüyada kar görmek,10
rüyada sevgiliyi görmek,10
rüyada deniz görmek,9
rüyada et görmek,8
rüyada oruç bozmak,250
rüyada şimşek çakması,90
rüyada birini bıçaklamak,80
rüyada yağmurda ıslanmak,70
rüyada hamam böceği görmek,70
rüyada cumhurbaşkanı ile konuşmak,50
rüyada halay çekmek,50
rüyada sel görmek,50
rüyada doğum yapmak,40
rüyada telefon kırılması,40
rüyada tacize uğramak,40
rüyada askere gitmek,40
rüyada kaçırılmak,40
rüyada küs olduğun birini görmek,40
